Workbook

Sheet Sheet1
B1: Created | C1: Resolved | D1: Status | E1: Issue key | F1: Issue id | G1: Reporter | H1: Assignee | I1: Resolution | J1: direction | K1: scenario | L1: team
A2: 0 | B2: 08/May/26 12:46 | C2: 14/May/26 14:37 | D2: Resolved | E2: VOTSLHGUWJ-267 | F2: 22854859 | G2: 21427280 | H2: 20652724 | I2: Done | J2: =VLOOKUP(E2,Лист1!A:C,2,0) -> Выгрузки | K2: =VLOOKUP(E2,Лист1!A:C,3,0) -> exports_to_excel | L2: СберЧаевые
A3: 1 | B3: 21/Apr/26 23:02 | C3: 25/Apr/26 01:05 | D3: Resolved | E3: VOTSLHGUWJ-258 | F3: 22642805 | G3: 21427280 | H3: 20652724 | I3: Done | J3: =VLOOKUP(E3,Лист1!A:C,2,0) -> Выгрузки | K3: =VLOOKUP(E3,Лист1!A:C,3,0) -> exports_to_excel | L3: СберЧаевые
A4: 2 | B4: 25/Jun/26 14:11 | C4: 03/Jul/26 18:24 | D4: Cancelled | E4: VOTSLHGUWJ-294 | F4: 23500634 | G4: Salimonov1-EV | H4: 20652724 | I4: Заведено ошибочно | J4: =VLOOKUP(E4,Лист1!A:C,2,0) -> Выгрузки | K4: =VLOOKUP(E4,Лист1!A:C,3,0) -> exports_to_excel | L4: СберЧаевые
A5: 3 | B5: 01/Jun/26 14:29 | C5: 02/Jun/26 18:58 | D5: Resolved | E5: VOTSLHGUWJ-279 | F5: 23158998 | G5: 21427280 | H5: 20652724 | I5: Done | J5: =VLOOKUP(E5,Лист1!A:C,2,0) -> Выгрузки | K5: =VLOOKUP(E5,Лист1!A:C,3,0) -> exports_to_excel | L5: СберЧаевые
A6: 4 | B6: 02/Jun/26 15:35 | C6: 02/Jun/26 18:57 | D6: Resolved | E6: VOTSLHGUWJ-281 | F6: 23180586 | G6: 21427280 | H6: 20652724 | I6: Done | J6: =VLOOKUP(E6,Лист1!A:C,2,0) -> Выгрузки | K6: =VLOOKUP(E6,Лист1!A:C,3,0) -> exports_to_excel | L6: СберЧаевые
A7: 5 | B7: 01/Jun/26 14:52 | C7: 01/Jun/26 18:13 | D7: Resolved | E7: VOTSLHGUWJ-280 | F7: 23159692 | G7: 21427280 | H7: 20652724 | I7: Done | J7: =VLOOKUP(E7,Лист1!A:C,2,0) -> Выгрузки | K7: =VLOOKUP(E7,Лист1!A:C,3,0) -> exports_to_excel | L7: СберЧаевые
A8: 6 | B8: 27/May/26 12:37 | C8: 28/May/26 19:18 | D8: Resolved | E8: VOTSLHGUWJ-275 | F8: 23091321 | G8: 21427280 | H8: 20652724 | I8: Done | J8: =VLOOKUP(E8,Лист1!A:C,2,0) -> Выгрузки | K8: =VLOOKUP(E8,Лист1!A:C,3,0) -> exports_to_excel | L8: СберЧаевые
A9: 7 | B9: 20/May/26 13:50 | C9: 25/May/26 12:08 | D9: Resolved | E9: VOTSLHGUWJ-269 | F9: 22994707 | G9: 21427280 | H9: 20652724 | I9: Done | J9: =VLOOKUP(E9,Лист1!A:C,2,0) -> Отчеты вне BI | K9: =VLOOKUP(E9,Лист1!A:C,3,0) -> excel_reports | L9: СберЧаевые
A10: 8 | B10: 21/May/26 19:40 | C10: 21/May/26 20:20 | D10: Resolved | E10: VOTSLHGUWJ-273 | F10: 23021715 | G10: 21427280 | H10: 20652724 | I10: Done | J10: =VLOOKUP(E10,Лист1!A:C,2,0) -> Выгрузки | K10: =VLOOKUP(E10,Лист1!A:C,3,0) -> exports_to_excel | L10: СберЧаевые
A11: 9 | B11: 20/May/26 15:31 | C11: 21/May/26 16:01 | D11: Resolved | E11: VOTSLHGUWJ-270 | F11: 22997233 | G11: 21427280 | H11: 20652724 | I11: Done | J11: =VLOOKUP(E11,Лист1!A:C,2,0) -> Выгрузки | K11: =VLOOKUP(E11,Лист1!A:C,3,0) -> exports_to_excel | L11: СберЧаевые
A12: 10 | B12: 21/Apr/26 22:48 | C12: 24/Apr/26 11:20 | D12: Resolved | E12: VOTSLHGUWJ-257 | F12: 22642803 | G12: 21427280 | H12: 20652724 | I12: Done | J12: =VLOOKUP(E12,Лист1!A:C,2,0) -> Моделирование | K12: =VLOOKUP(E12,Лист1!A:C,3,0) -> business_planning | L12: СберЧаевые
A13: 11 | B13: 10/Mar/26 14:34 | C13: 10/Apr/26 14:43 | D13: Resolved | E13: VOTSLHGUWJ-220 | F13: 22053566 | G13: 19427267 | H13: 20652724 | I13: Done | J13: =VLOOKUP(E13,Лист1!A:C,2,0) -> Аналитика | K13: =VLOOKUP(E13,Лист1!A:C,3,0) -> customer_experience_analytics | L13: СберЧаевые
... A22: 20 | B22: 26/Feb/26 14:02 | C22: 26/Feb/26 19:26 | D22: Resolved | E22: VOTSLHGUWJ-203 | F22: 21903723 | G22: 21427280 | H22: 20652724 | I22: Done | J22: =VLOOKUP(E22,Лист1!A:C,2,0) -> Выгрузки | K22: =VLOOKUP(E22,Лист1!A:C,3,0) -> exports_to_excel | L22: СберЧаевые
A23: 21 | B23: 23/Jun/26 17:57 | D23: In Progress | E23: VOTSLHGUWJ-293 | F23: 23465779 | G23: 23487514 | H23: 20652724 | J23: =VLOOKUP(E23,Лист1!A:C,2,0) -> Разработка и поддержка BI | K23: =VLOOKUP(E23,Лист1!A:C,3,0) -> dashboard_improvements | L23: СберЧаевые
A24: 22 | B24: 07/Jul/26 17:35 | C24: 10/Jul/26 15:11 | D24: Resolved | E24: VOTSLHGUWJ-299 | F24: 23688184 | G24: Salimonov1-EV | H24: 20652724 | I24: Done | J24: =VLOOKUP(E24,Лист1!A:C,2,0) -> Аналитика | K24: =VLOOKUP(E24,Лист1!A:C,3,0) -> customer_experience_analytics | L24: СберЧаевые
A25: 23 | B25: 19/Jun/26 13:43 | C25: 10/Jul/26 14:14 | D25: Resolved | E25: VOTSLHGUWJ-291 | F25: 23418480 | G25: 23811360 | H25: 20652724 | I25: Done | J25: =VLOOKUP(E25,Лист1!A:C,2,0) -> Моделирование | K25: =VLOOKUP(E25,Лист1!A:C,3,0) -> financial_impact_estimation | L25: СберЧаевые
A26: 24 | B26: 08/Jun/26 18:32 | C26: 10/Jul/26 14:14 | D26: Resolved | E26: VOTSLHGUWJ-289 | F26: 23264642 | G26: 21265084 | H26: 20652724 | I26: Done | J26: =VLOOKUP(E26,Лист1!A:C,2,0) -> Аналитика | K26: =VLOOKUP(E26,Лист1!A:C,3,0) -> customer_experience_analytics | L26: СберЧаевые
A27: 25 | B27: 04/Jun/26 23:11 | D27: In Progress | E27: VOTSLHGUWJ-283 | F27: 23227028 | G27: 21265084 | H27: 20652724 | J27: =VLOOKUP(E27,Лист1!A:C,2,0) -> Аналитика | K27: =VLOOKUP(E27,Лист1!A:C,3,0) -> customer_experience_analytics | L27: СберЧаевые
A28: 26 | B28: 23/Jun/26 17:54 | D28: Backlog | E28: VOTSLHGUWJ-292 | F28: 23465776 | G28: 23487514 | H28: 20652724 | J28: =VLOOKUP(E28,Лист1!A:C,2,0) -> Выгрузки (автоматические) | K28: =VLOOKUP(E28,Лист1!A:C,3,0) -> excel_automatic_reports | L28: СберЧаевые
A29: 27 | B29: 18/Jun/26 21:23 | D29: Backlog | E29: VOTSLHGUWJ-290 | F29: 23408205 | G29: 23487514 | H29: 20652724 | J29: =VLOOKUP(E29,Лист1!A:C,2,0) -> Неизвестно | K29: =VLOOKUP(E29,Лист1!A:C,3,0) -> metric_calculation | L29: СберЧаевые
A30: 28 | B30: 06/Apr/26 11:33 | C30: 25/Apr/26 01:05 | D30: Resolved | E30: VOTSLHGUWJ-249 | F30: 22423885 | G30: 23487514 | H30: 20652724 | I30: Done | J30: =VLOOKUP(E30,Лист1!A:C,2,0) -> Выгрузки | K30: =VLOOKUP(E30,Лист1!A:C,3,0) -> exports_to_excel | L30: СберЧаевые
A31: 29 | B31: 27/May/26 19:08 | D31: Backlog | E31: VOTSLHGUWJ-276 | F31: 23099176 | G31: 21265084 | H31: 20652724 | J31: =VLOOKUP(E31,Лист1!A:C,2,0) -> Неизвестно | K31: =VLOOKUP(E31,Лист1!A:C,3,0) -> metric_calculation | L31: СберЧаевые
A32: 30 | B32: 21/May/26 14:35 | C32: 26/May/26 12:08 | D32: Resolved | E32: VOTSLHGUWJ-272 | F32: 23014767 | G32: Salimonov1-EV | H32: 20652724 | I32: Done | J32: =VLOOKUP(E32,Лист1!A:C,2,0) -> Отчеты вне BI | K32: =VLOOKUP(E32,Лист1!A:C,3,0) -> excel_reports | L32: СберЧаевые
A33: 31 | B33: 21/May/26 10:28 | C33: 21/May/26 14:25 | D33: Resolved | E33: VOTSLHGUWJ-271 | F33: 23008424 | G33: 21265084 | H33: 20652724 | I33: Done | J33: =VLOOKUP(E33,Лист1!A:C,2,0) -> Выгрузки | K33: =VLOOKUP(E33,Лист1!A:C,3,0) -> exports_to_excel | L33: СберЧаевые
A34: 32 | B34: 16/Apr/26 16:34 | C34: 25/Apr/26 03:58 | D34: Resolved | E34: VOTSLHGUWJ-255 | F34: 22577408 | G34: kovalev-evp | H34: 20652724 | I34: Done | J34: =VLOOKUP(E34,Лист1!A:C,2,0) -> Выгрузки | K34: =VLOOKUP(E34,Лист1!A:C,3,0) -> exports_to_excel | L34: СберЧаевые
A35: 33 | B35: 16/Apr/26 16:34 | C35: 25/Apr/26 01:05 | D35: Cancelled | E35: VOTSLHGUWJ-256 | F35: 22577409 | G35: kovalev-evp | H35: 20652724 | I35: Дубликат | J35: =VLOOKUP(E35,Лист1!A:C,2,0) -> Выгрузки | K35: =VLOOKUP(E35,Лист1!A:C,3,0) -> exports_to_excel | L35: СберЧаевые
A36: 34 | B36: 24/Apr/26 09:41 | C36: 25/Apr/26 01:05 | D36: Resolved | E36: VOTSLHGUWJ-259 | F36: 22681834 | G36: 21265084 | H36: 20652724 | I36: Done | J36: =VLOOKUP(E36,Лист1!A:C,2,0) -> Отчеты вне BI | K36: =VLOOKUP(E36,Лист1!A:C,3,0) -> presentations | L36: СберЧаевые
A37: 35 | B37: 06/Apr/26 10:43 | C37: 24/Apr/26 11:19 | D37: Resolved | E37: VOTSLHGUWJ-248 | F37: 22422377 | G37: elsukov-kv | H37: 20652724 | I37: Done | J37: =VLOOKUP(E37,Лист1!A:C,2,0) -> Разработка и поддержка BI | K37: =VLOOKUP(E37,Лист1!A:C,3,0) -> dashboard_improvements | L37: СберЧаевые
A38: 36 | B38: 24/Mar/26 21:10 | C38: 23/Apr/26 17:16 | D38: Resolved | E38: VOTSLHGUWJ-228 | F38: 22256854 | G38: 21427280 | H38: 20652724 | I38: Done | J38: =VLOOKUP(E38,Лист1!A:C,2,0) -> Неизвестно | K38: =VLOOKUP(E38,Лист1!A:C,3,0) -> metric_calculation | L38: СберЧаевые
A39: 37 | B39: 10/Mar/26 10:02 | C39: 23/Apr/26 17:16 | D39: Resolved | E39: VOTSLHGUWJ-219 | F39: 22044710 | G39: 21265084 | H39: 20652724 | I39: Done | J39: =VLOOKUP(E39,Лист1!A:C,2,0) -> Выгрузки | K39: =VLOOKUP(E39,Лист1!A:C,3,0) -> exports_to_excel | L39: СберЧаевые
A40: 38 | B40: 09/Apr/26 11:12 | C40: 10/Apr/26 10:36 | D40: Resolved | E40: VOTSLHGUWJ-252 | F40: 22478248 | G40: Salimonov1-EV | H40: 20652724 | I40: Done | J40: =VLOOKUP(E40,Лист1!A:C,2,0) -> Выгрузки | K40: =VLOOKUP(E40,Лист1!A:C,3,0) -> exports_to_excel | L40: СберЧаевые
A41: 39 | B41: 09/Apr/26 11:35 | C41: 09/Apr/26 16:55 | D41: Resolved | E41: VOTSLHGUWJ-253 | F41: 22479240 | G41: kovalev-evp | H41: 20652724 | I41: Done | J41: =VLOOKUP(E41,Лист1!A:C,2,0) -> Аналитика | K41: =VLOOKUP(E41,Лист1!A:C,3,0) -> customer_experience_analytics | L41: СберЧаевые
A42: 40 | B42: 09/Apr/26 11:58 | C42: 09/Apr/26 16:54 | D42: Resolved | E42: VOTSLHGUWJ-254 | F42: 22480202 | G42: kovalev-evp | H42: 20652724 | I42: Done | J42: =VLOOKUP(E42,Лист1!A:C,2,0) -> Выгрузки | K42: =VLOOKUP(E42,Лист1!A:C,3,0) -> exports_to_excel | L42: СберЧаевые
A43: 41 | B43: 30/Mar/26 08:55 | C43: 09/Apr/26 11:47 | D43: Resolved | E43: VOTSLHGUWJ-230 | F43: 22321538 | G43: 21427280 | H43: 20652724 | I43: Done | J43: =VLOOKUP(E43,Лист1!A:C,2,0) -> Выгрузки | K43: =VLOOKUP(E43,Лист1!A:C,3,0) -> exports_to_excel | L43: СберЧаевые
... A51: 49 | B51: 27/Feb/26 17:04 | C51: 19/Mar/26 13:34 | D51: Cancelled | E51: VOTSLHGUWJ-211 | F51: 21928157 | G51: orlov-vv | H51: 20652724 | I51: Неактуально | J51: =VLOOKUP(E51,Лист1!A:C,2,0) -> Данные и автоматизация | K51: =VLOOKUP(E51,Лист1!A:C,3,0) -> data_marts | L51: СберЧаевые
B52: 2026-06-22T07:41:17.275013Z | C52: 2026-07-20T07:49:25.967667Z | D52: Выполнен | E52: CI8LDDG1KY-7088 | G52: Заика Андрей Михайлович | H52: Заика Андрей Михайлович | I52: Выполнен | J52: Разработка и поддержка BI | K52: dashboard_improvements | L52: Объект Авто
B53: 2026-05-12T08:20:59.738419Z | C53: 2026-07-20T07:49:20.459186Z | D53: Выполнен | E53: CI8LDDG1KY-6903 | G53: Заика Андрей Михайлович | H53: Заика Андрей Михайлович | I53: Выполнен | J53: Разработка и поддержка BI | K53: dashboard_improvements | L53: Объект Авто
B54: 2026-05-31T18:44:28.273358Z | C54: 2026-07-20T07:49:15.361145Z | D54: Выполнен | E54: CI8LDDG1KY-6999 | G54: Чернов Валерий Юрьевич | H54: Заика Андрей Михайлович | I54: Выполнен | J54: Разработка и поддержка BI | K54: dashboard_improvements | L54: Объект Авто
B55: 2026-07-20T07:37:08.637404Z | C55: 2026-07-20T07:37:25.465439Z | D55: Создан | E55: CI8LDDG1KY-7170 | G55: Мурадян Мария Наириевна | H55: Мурадян Мария Наириевна | I55: Создан | J55: Данные и автоматизация | K55: data_marts | L55: Объект Авто
B56: 2026-07-20T07:32:33.781882Z | C56: 2026-07-20T07:33:04.149397Z | D56: Создан | E56: CI8LDDG1KY-7169 | G56: Мурадян Мария Наириевна | H56: Мурадян Мария Наириевна | I56: Создан | J56: Моделирование | K56: business_planning | L56: Объект Авто
B57: 2026-07-20T07:32:31.767417Z | C57: 2026-07-20T07:32:55.668258Z | D57: В работе | G57: Поручиков Михаил Андреевич | H57: Поручиков Михаил Андреевич | I57: В работе | L57: Объект Авто
B58: 2026-07-20T07:13:27.711925Z | C58: 2026-07-20T07:13:50.409043Z | D58: Создан | E58: CI8LDDG1KY-7168 | G58: Козлов Роман Викторович | H58: Козлов Роман Викторович | I58: Создан | J58: Разработка и поддержка BI | K58: dashboard_manual_data_update | L58: Объект Авто
B59: 2026-07-20T07:02:28.105974Z | C59: 2026-07-20T07:12:30.638755Z | D59: В работе | E59: CI8LDDG1KY-7167 | G59: Козлов Роман Викторович | H59: Козлов Роман Викторович | I59: В работе | J59: Организационное | K59: knowledge_base_maintenance | L59: Объект Авто
B60: 2026-07-20T07:01:16.417346Z | C60: 2026-07-20T07:06:41.136071Z | D60: Выполнен | E60: CI8LDDG1KY-7166 | G60: Косарев Дмитрий Александрович | H60: Косарев Дмитрий Александрович | I60: Выполнен | J60: Аналитика | K60: customer_experience_analytics | L60: Объект Авто
B61: 2026-06-10T09:28:06.996419Z | C61: 2026-07-20T07:06:40.035612Z | D61: Создан | E61: CI8LDDG1KY-7047 | G61: Самойлов Михаил Вадимович | H61: Гусев Денис Александрович | I61: Создан | J61: Аналитика | K61: customer_experience_analytics | L61: Объект Авто
B62: 2026-06-22T10:33:46.136964Z | C62: 2026-07-20T06:56:56.414432Z | D62: Ожидает информации | E62: CI8LDDG1KY-7090 | G62: Проданюк Мария Викторовна | H62: Гатауллин Никита Рафисович | I62: Ожидает информации | J62: Аналитика | K62: customer_experience_analytics | L62: Объект Авто
B63: 2026-05-14T14:41:09.176593Z | C63: 2026-07-20T06:56:21.451200Z | D63: В работе | E63: CI8LDDG1KY-6934 | G63: Косарев Дмитрий Александрович | H63: Косарев Дмитрий Александрович | I63: В работе | J63: Данные и автоматизация | K63: manual_data_quality_control | L63: Объект Авто
B64: 2026-06-29T07:05:21.513496Z | C64: 2026-07-20T06:56:21.447313Z | D64: В работе | E64: CI8LDDG1KY-7106 | G64: Мурадян Мария Наириевна | H64: Мурадян Мария Наириевна | I64: В работе | J64: Аналитика | K64: customer_experience_analytics | L64: Объект Авто
B65: 2026-05-12T14:14:59.070807Z | C65: 2026-07-20T06:56:21.446123Z | D65: Создан | E65: CI8LDDG1KY-6927 | G65: Колосов Егор Николаевич | H65: Буданов Максим Михайлович | I65: Создан | J65: Разработка и поддержка BI | K65: dashboard_improvements | L65: Объект Авто
B66: 2026-06-15T06:50:09.076177Z | C66: 2026-07-20T06:56:21.444906Z | D66: В работе | G66: Буданов Максим Михайлович | H66: Буданов Максим Михайлович | I66: В работе | L66: Объект Авто
B67: 2026-06-18T14:46:35.537365Z | C67: 2026-07-20T06:56:21.441912Z | D67: В работе | G67: Кривицкий Александр Александрович | H67: Кривицкий Александр Александрович | I67: В работе | L67: Объект Авто
B68: 2026-07-17T08:05:01.900694Z | C68: 2026-07-20T06:56:21.437546Z | D68: В работе | G68: Поручиков Михаил Андреевич | H68: Поручиков Михаил Андреевич | I68: В работе | L68: Объект Авто
B69: 2026-07-13T07:20:45.110997Z | C69: 2026-07-20T06:56:21.437422Z | D69: Создан | E69: CI8LDDG1KY-7156 | G69: Мурадян Мария Наириевна | H69: Мурадян Мария Наириевна | I69: Создан | J69: Организационное | K69: knowledge_base_maintenance | L69: Объект Авто
B70: 2026-06-11T12:12:31.270039Z | C70: 2026-07-20T06:56:21.429727Z | D70: Создан | E70: CI8LDDG1KY-7060 | G70: Кривицкий Александр Александрович | H70: Кривицкий Александр Александрович | I70: Создан | J70: Разработка и поддержка BI | K70: dashboard_migration | L70: Объект Авто
B71: 2026-04-06T07:05:45.807750Z | C71: 2026-07-20T06:56:21.429517Z | D71: Создан | E71: CI8LDDG1KY-6663 | G71: Козлов Роман Викторович | H71: Козлов Роман Викторович | I71: Создан | J71: Моделирование | K71: business_planning | L71: Объект Авто
B72: 2026-04-09T08:48:43.766419Z | C72: 2026-07-20T06:56:21.423324Z | D72: Создан | E72: CI8LDDG1KY-6686 | G72: Заика Андрей Михайлович | H72: Заика Андрей Михайлович | I72: Создан | J72: Разработка и поддержка BI | K72: dashboard_improvements | L72: Объект Авто
B73: 2026-05-28T14:31:21.150761Z | C73: 2026-07-20T06:56:19.551135Z | D73: Создан | E73: CI8LDDG1KY-6993 | G73: Проданюк Мария Викторовна | H73: Гатауллин Никита Рафисович | I73: Создан | J73: Аналитика | K73: customer_experience_analytics | L73: Объект Авто
B74: 2026-05-24T19:38:25.763313Z | C74: 2026-07-20T06:56:19.539905Z | D74: В работе | E74: CI8LDDG1KY-6972 | G74: Чернов Валерий Юрьевич | H74: Косарев Дмитрий Александрович | I74: В работе | J74: Аналитика | K74: metrics_calculation | L74: Объект Авто
B75: 2026-05-19T07:32:26.497998Z | C75: 2026-07-20T06:56:19.534428Z | D75: В работе | G75: Заика Андрей Михайлович | H75: Косарев Дмитрий Александрович | I75: В работе | L75: Объект Авто
B76: 2026-04-24T08:45:13.479409Z | C76: 2026-07-20T06:56:19.534162Z | D76: В работе | E76: CI8LDDG1KY-6826 | G76: Косарев Дмитрий Александрович | H76: Косарев Дмитрий Александрович | I76: В работе | J76: Аналитика | K76: methodology_dev | L76: Объект Авто
B77: 2026-05-04T08:33:20.717902Z | C77: 2026-07-20T06:56:19.533108Z | D77: Создан | E77: CI8LDDG1KY-6885 | G77: Косарев Дмитрий Александрович | H77: Косарев Дмитрий Александрович | I77: Создан | J77: Организационное | K77: employee_trainings | L77: Объект Авто
B78: 2026-07-10T12:36:59.824032Z | C78: 2026-07-20T06:56:19.531146Z | D78: В работе | E78: CI8LDDG1KY-7152 | G78: Колосов Егор Николаевич | H78: Буданов Максим Михайлович | I78: В работе | J78: Разработка и поддержка BI | K78: dashboard_improvements | L78: Объект Авто
B79: 2026-04-21T12:31:23.152510Z | C79: 2026-07-20T06:56:19.527194Z | D79: В работе | E79: CI8LDDG1KY-6809 | G79: Куликов Илья Антонович | H79: Куликов Илья Антонович | I79: В работе | J79: Организационное | K79: employee_trainings | L79: Объект Авто
B80: 2026-05-12T08:53:26.671098Z | C80: 2026-07-20T06:56:19.526345Z | D80: В работе | E80: CI8LDDG1KY-6922 | G80: Косарев Дмитрий Александрович | H80: Косарев Дмитрий Александрович | I80: В работе | J80: Аналитика | K80: methodology_dev | L80: Объект Авто
B81: 2026-03-16T06:17:49.617818Z | C81: 2026-07-20T06:56:19.525066Z | D81: Создан | E81: CI8LDDG1KY-6509 | G81: Гусев Денис Александрович | H81: Косарев Дмитрий Александрович | I81: Создан | J81: Аналитика | K81: metrics_calculation | L81: Объект Авто
B82: 2026-07-16T07:58:28.949039Z | C82: 2026-07-20T06:56:19.524765Z | D82: Создан | E82: CI8LDDG1KY-7159 | G82: Косарев Дмитрий Александрович | H82: Косарев Дмитрий Александрович | I82: Создан | J82: Данные и автоматизация | K82: data_marts | L82: Объект Авто
B83: 2026-04-20T15:33:34.858290Z | C83: 2026-07-20T06:56:19.523467Z | D83: Создан | E83: CI8LDDG1KY-6780 | G83: Косарев Дмитрий Александрович | H83: Косарев Дмитрий Александрович | I83: Создан | J83: Данные и автоматизация | K83: data_marts | L83: Объект Авто
B84: 2026-04-02T14:09:24.056972Z | C84: 2026-07-20T06:56:19.522791Z | D84: В работе | E84: CI8LDDG1KY-6640 | G84: Павлов Эдуард Николаевич | H84: Косарев Дмитрий Александрович | I84: В работе | J84: Данные и автоматизация | K84: data_marts | L84: Объект Авто
B85: 2026-04-06T12:31:11.305355Z | C85: 2026-07-20T06:56:19.518094Z | D85: В работе | E85: CI8LDDG1KY-6674 | G85: Васильева Ольга Вячеславовна | H85: Косарев Дмитрий Александрович | I85: В работе | J85: Разработка и поддержка BI | K85: BI_bugfix | L85: Объект Авто
B86: 2026-07-16T13:32:54.138035Z | C86: 2026-07-20T06:56:19.513292Z | D86: В работе | G86: Поручиков Михаил Андреевич | H86: Поручиков Михаил Андреевич | I86: В работе | L86: Объект Авто
B87: 2026-06-15T07:30:47.091112Z | C87: 2026-07-20T06:56:19.513321Z | D87: В работе | G87: Зайцева Светлана Викторовна | H87: Мурадян Мария Наириевна | I87: В работе | L87: Объект Авто
B88: 2026-05-12T08:42:37.413587Z | C88: 2026-07-20T06:56:19.513210Z | D88: Создан | E88: CI8LDDG1KY-6919 | G88: Чернов Валерий Юрьевич | H88: Наумов Евгений Павлович | I88: Создан | J88: Отчеты вне BI | K88: presentations | L88: Объект Авто
B89: 2026-03-27T11:22:46.120588Z | C89: 2026-07-20T06:56:19.501774Z | D89: Ожидает информации | E89: CI8LDDG1KY-6614 | G89: Чернов Валерий Юрьевич | H89: Чернов Валерий Юрьевич | I89: Ожидает информации | J89: Аналитика | K89: metrics_calculation | L89: Объект Авто
B90: 2026-04-27T18:43:18.581776Z | C90: 2026-07-20T06:56:19.135189Z | D90: Создан | E90: CI8LDDG1KY-6856 | G90: Чернов Валерий Юрьевич | H90: Заика Андрей Михайлович | I90: Создан | J90: Разработка и поддержка BI | K90: dashboard_migration | L90: Объект Авто
B91: 2026-04-21T12:29:49.214168Z | C91: 2026-07-20T06:56:19.131735Z | D91: В работе | E91: CI8LDDG1KY-6808 | G91: Куликов Илья Антонович | H91: Куликов Илья Антонович | I91: В работе | J91: Организационное | K91: employee_trainings | L91: Объект Авто
B92: 2026-03-25T07:36:20.717050Z | C92: 2026-07-20T06:56:19.131822Z | D92: Создан | E92: CI8LDDG1KY-6591 | G92: Козлов Роман Викторович | H92: Козлов Роман Викторович | I92: Создан | J92: Организационное | K92: knowledge_base_maintenance | L92: Объект Авто
B93: 2026-06-22T10:06:47.620040Z | C93: 2026-07-20T06:56:19.130244Z | D93: Создан | E93: CI8LDDG1KY-7089 | G93: Гусев Денис Александрович | H93: Гусев Денис Александрович | I93: Создан | J93: Отчеты вне BI | K93: excel_reports | L93: Объект Авто
B94: 2026-07-16T06:54:33.918200Z | C94: 2026-07-20T06:56:19.089009Z | D94: В работе | G94: Поручиков Михаил Андреевич | H94: Поручиков Михаил Андреевич | I94: В работе | L94: Объект Авто
B95: 2026-06-25T11:49:22.465512Z | C95: 2026-07-20T06:56:19.082728Z | D95: В работе | E95: CI8LDDG1KY-7096 | G95: Косарев Дмитрий Александрович | H95: Косарев Дмитрий Александрович | I95: В работе | J95: Данные и автоматизация | K95: data_marts | L95: Объект Авто
B96: 2026-06-08T07:22:38.872919Z | C96: 2026-07-20T06:56:19.074094Z | D96: Создан | E96: CI8LDDG1KY-7032 | G96: Косарев Дмитрий Александрович | H96: Косарев Дмитрий Александрович | I96: Создан | J96: Данные и автоматизация | K96: data_marts | L96: Объект Авто
B97: 2026-07-17T11:26:31.081991Z | C97: 2026-07-20T06:56:19.066843Z | D97: Создан | G97: Поручиков Михаил Андреевич | H97: Поручиков Михаил Андреевич | I97: Создан | L97: Объект Авто
B98: 2026-06-11T12:39:40.099352Z | C98: 2026-07-20T06:56:19.066578Z | D98: Создан | E98: CI8LDDG1KY-7057 | G98: Милякова Юлия Владимировна | H98: Милякова Юлия Владимировна | I98: Создан | J98: Разработка и поддержка BI | K98: dashboard_migration | L98: Объект Авто
B99: 2026-07-01T11:49:57.473361Z | C99: 2026-07-20T06:56:19.059282Z | D99: В работе | E99: CI8LDDG1KY-7124 | G99: Козлов Роман Викторович | H99: Козлов Роман Викторович | I99: В работе | J99: Организационное | K99: business_requirements_composing | L99: Объект Авто
B100: 2026-06-19T08:09:23.600976Z | C100: 2026-07-20T06:56:19.043012Z | D100: В работе | E100: CI8LDDG1KY-7082 | G100: Кривицкий Александр Александрович | H100: Кривицкий Александр Александрович | I100: В работе | J100: Разработка и поддержка BI | K100: dashboard_migration | L100: Объект Авто
B101: 2026-06-11T08:37:49.654688Z | C101: 2026-07-20T06:56:19.029057Z | D101: Создан | E101: CI8LDDG1KY-7052 | G101: Кривицкий Александр Александрович | H101: Кривицкий Александр Александрович | I101: Создан | J101: Разработка и поддержка BI | K101: dashboard_migration | L101: Объект Авто
B102: 2026-06-11T13:33:32.071153Z | C102: 2026-07-20T06:56:19.028684Z | D102: В работе | E102: CI8LDDG1KY-7061 | G102: Колосов Егор Николаевич | H102: Буданов Максим Михайлович | I102: В работе | J102: Аналитика | K102: customer_experience_analytics | L102: Объект Авто
B103: 2026-06-11T13:29:43.803650Z | C103: 2026-07-20T06:56:19.023556Z | D103: В работе | E103: CI8LDDG1KY-7058 | G103: Приходько Евгений Валентинович | H103: Мурадян Мария Наириевна | I103: В работе | J103: Выгрузки | K103: exports_to_excel | L103: Объект Авто
B104: 2026-06-11T08:40:34.540975Z | C104: 2026-07-20T06:56:18.997871Z | D104: Создан | E104: CI8LDDG1KY-7053 | G104: Кривицкий Александр Александрович | H104: Кривицкий Александр Александрович | I104: Создан | J104: Разработка и поддержка BI | K104: dashboard_migration | L104: Объект Авто
B105: 2026-06-15T06:12:42.330291Z | C105: 2026-07-20T06:56:18.995461Z | D105: В работе | E105: CI8LDDG1KY-7069 | G105: Галинский Павел Игоревич | H105: Козлов Роман Викторович | I105: В работе | J105: AI | K105: AI | L105: Объект Авто
B106: 2026-04-20T08:14:14.992102Z | C106: 2026-07-20T06:56:18.986113Z | D106: Создан | E106: CI8LDDG1KY-6768 | G106: Чернов Валерий Юрьевич | H106: Поляков Михаил Владимирович | I106: Создан | J106: Моделирование | K106: financial_impact_estimation | L106: Объект Авто
B107: 2026-06-05T06:26:20.320005Z | C107: 2026-07-20T06:56:18.985333Z | D107: В работе | E107: CI8LDDG1KY-7026 | G107: Косарев Дмитрий Александрович | H107: Косарев Дмитрий Александрович | I107: В работе | J107: Данные и автоматизация | K107: data_marts | L107: Объект Авто
B108: 2026-04-13T06:59:16.955669Z | C108: 2026-07-20T06:56:17.336581Z | D108: Создан | G108: Буданов Максим Михайлович | H108: Буданов Максим Михайлович | I108: Создан | L108: Объект Авто
B109: 2026-07-15T10:58:24.915479Z | C109: 2026-07-20T06:56:17.324554Z | D109: В работе | G109: Поручиков Михаил Андреевич | H109: Поручиков Михаил Андреевич | I109: В работе | L109: Объект Авто
B110: 2026-06-24T09:00:07.392156Z | C110: 2026-07-20T06:56:17.319730Z | D110: В работе | E110: CI8LDDG1KY-7094 | G110: Косарев Дмитрий Александрович | H110: Косарев Дмитрий Александрович | I110: В работе | J110: Выгрузки (регулятор) | K110: exports_to_excel_regulator | L110: Объект Авто
B111: 2026-03-22T19:55:47.007357Z | C111: 2026-07-20T06:56:17.312574Z | D111: В работе | E111: CI8LDDG1KY-6557 | G111: Гусев Денис Александрович | H111: Гусев Денис Александрович | I111: В работе | J111: Организационное | K111: project_management | L111: Объект Авто
B112: 2026-07-17T11:18:22.200289Z | C112: 2026-07-20T06:56:17.311428Z | D112: Создан | E112: CI8LDDG1KY-7160 | G112: Кузнецкий Семен Юрьевич | H112: Кузнецкий Семен Юрьевич | I112: Создан | J112: Моделирование | K112: business_planning | L112: Объект Авто
B113: 2026-04-19T19:28:06.724819Z | C113: 2026-07-20T06:56:17.271759Z | D113: В работе | E113: CI8LDDG1KY-6758 | G113: Чернов Валерий Юрьевич | H113: Куликов Илья Антонович | I113: В работе | J113: Аналитика | K113: metrics_calculation | L113: Объект Авто
B114: 2026-04-13T07:09:23.417776Z | C114: 2026-07-20T06:56:17.270635Z | D114: Создан | G114: Буданов Максим Михайлович | H114: Буданов Максим Михайлович | I114: Создан | L114: Объект Авто
B115: 2026-07-06T06:51:24.955886Z | C115: 2026-07-20T06:56:17.265731Z | D115: В работе | E115: CI8LDDG1KY-7132 | G115: Кузнецкий Семен Юрьевич | H115: Кузнецкий Семен Юрьевич | I115: В работе | J115: Неизвестно | K115: unknown | L115: Объект Авто
...

Sheet Лист1
A1: issuekey | B1: direction | C1: scenario
A2: VOTSLHGUWJ-200 | B2: Разработка и поддержка BI | C2: dashboard_improvements
A3: VOTSLHGUWJ-283 | B3: Аналитика | C3: customer_experience_analytics
A4: VOTSLHGUWJ-289 | B4: Аналитика | C4: customer_experience_analytics
A5: VOTSLHGUWJ-267 | B5: Выгрузки | C5: exports_to_excel
A6: VOTSLHGUWJ-215 | B6: Аналитика | C6: customer_experience_analytics
A7: VOTSLHGUWJ-223 | B7: Выгрузки | C7: exports_to_excel
A8: VOTSLHGUWJ-255 | B8: Выгрузки | C8: exports_to_excel
A9: VOTSLHGUWJ-225 | B9: Отчеты вне BI | C9: excel_reports
A10: VOTSLHGUWJ-203 | B10: Выгрузки | C10: exports_to_excel
A11: VOTSLHGUWJ-212 | B11: Аналитика | C11: customer_experience_analytics
A12: VOTSLHGUWJ-199 | B12: Аналитика | C12: customer_experience_analytics
... A51: VOTSLHGUWJ-258 | B51: Выгрузки | C51: exports_to_excel
